Customer_ID,Age,Annual_Income,Spending_Score,Website_Visits,Product_Categories_Purchased,Total_Purchase_Amount,Average_Session_Duration,Return_Rate,Discount_Usage
1,56.0,299578.0,26.0,3.0,7.0,99756.0,33.0,24.68,66.66
2,69.0,80313.0,62.0,27.0,9.0,,17.0,35.11,16.27
3,46.0,137813.0,4.0,7.0,,7110.0,24.0,49.64,56.51
4,32.0,,89.0,14.0,10.0,6930.0,34.0,6.57,77.16
5,60.0,123632.0,42.0,20.0,3.0,40422.0,28.0,13.74,49.89
6,25.0,13051.0,,29.0,7.0,14328.0,58.0,19.73,1.21
7,38.0,124692.0,18.0,30.0,4.0,43413.0,43.0,21.09,0.9
8,56.0,97235.0,40.0,17.0,8.0,31997.0,41.0,20.55,35.7
9,75.0,299578.0,72.0,29.0,7.0,99756.0,39.0,45.38,92.62
10,36.0,104476.0,39.0,30.0,5.0,37118.0,22.0,35.7,22.87
11,40.0,27019.0,14.0,21.0,,46832.0,49.0,30.4,63.44
12,28.0,93613.0,32.0,12.0,3.0,27026.0,17.0,15.47,22.21
13,28.0,,51.0,25.0,2.0,30658.0,34.0,41.19,32.17
14,41.0,,38.0,16.0,6.0,25532.0,6.0,47.75,84.8
15,70.0,92750.0,97.0,24.0,2.0,38346.0,46.0,41.06,72.89
16,53.0,38251.0,23.0,12.0,3.0,45436.0,6.0,,9.54
17,57.0,113481.0,63.0,15.0,6.0,30294.0,34.0,31.82,42.87
18,41.0,122566.0,15.0,25.0,5.0,5948.0,1.0,2.56,2.92
19,20.0,35945.0,97.0,10.0,8.0,29361.0,10.0,12.88,48.09
20,39.0,100852.0,25.0,30.0,9.0,28641.0,21.0,2.98,66.24
21,70.0,42217.0,17.0,25.0,3.0,9574.0,5.0,30.19,11.85
22,19.0,18308.0,97.0,7.0,10.0,6906.0,2.0,34.33,28.89
23,41.0,15949.0,66.0,20.0,3.0,32323.0,22.0,5.72,39.78
24,61.0,142222.0,78.0,5.0,3.0,23791.0,48.0,19.19,91.95
25,47.0,110235.0,53.0,,6.0,42068.0,57.0,22.81,99.33
26,55.0,84740.0,51.0,30.0,1.0,32503.0,2.0,,4.49
27,19.0,126352.0,39.0,17.0,7.0,47351.0,10.0,6.05,76.1
28,,76617.0,51.0,3.0,1.0,34906.0,34.0,,37.17
29,50.0,26896.0,70.0,13.0,5.0,23812.0,16.0,,39.25
30,29.0,140798.0,6.0,14.0,10.0,43608.0,48.0,3.55,75.43
31,75.0,148877.0,67.0,24.0,8.0,1882.0,51.0,4.01,91.84
32,39.0,15237.0,7.0,30.0,4.0,34671.0,39.0,17.74,
33,61.0,299578.0,51.0,18.0,5.0,99756.0,22.0,47.09,57.71
34,42.0,124548.0,72.0,4.0,4.0,3792.0,12.0,33.43,35.71
35,66.0,121488.0,42.0,18.0,4.0,42279.0,24.0,33.93,78.75
36,44.0,144415.0,64.0,30.0,8.0,33687.0,47.0,18.1,25.1
37,59.0,39375.0,15.0,5.0,2.0,12911.0,40.0,29.68,56.41
38,45.0,26964.0,29.0,25.0,1.0,37785.0,38.0,0.51,35.86
39,33.0,123429.0,33.0,16.0,3.0,15922.0,60.0,31.8,65.66
40,32.0,,94.0,,9.0,42968.0,59.0,45.66,24.04
41,64.0,79042.0,27.0,21.0,4.0,32871.0,10.0,30.63,19.16
42,68.0,103468.0,36.0,14.0,10.0,6193.0,35.0,43.68,91.82
43,61.0,19435.0,29.0,15.0,5.0,34035.0,51.0,36.2,10.18
44,72.0,88832.0,,9.0,2.0,15318.0,49.0,6.03,50.6
45,69.0,61293.0,57.0,15.0,4.0,31738.0,32.0,45.12,22.09
46,74.0,88781.0,97.0,17.0,2.0,31374.0,7.0,3.32,3.89
47,20.0,53919.0,27.0,25.0,2.0,27215.0,21.0,26.7,3.6
48,54.0,,55.0,24.0,4.0,28105.0,20.0,7.11,17.52
49,68.0,104758.0,33.0,4.0,6.0,34817.0,26.0,0.59,86.68
50,24.0,66573.0,68.0,12.0,7.0,,4.0,21.1,28.25
51,38.0,69101.0,86.0,27.0,,10456.0,46.0,14.75,95.05
52,26.0,36646.0,66.0,26.0,3.0,39408.0,52.0,24.3,58.16
53,56.0,114185.0,10.0,5.0,3.0,11337.0,22.0,28.86,43.66
54,35.0,33049.0,5.0,29.0,10.0,4216.0,15.0,2.19,58.01
55,21.0,108116.0,74.0,5.0,6.0,4981.0,56.0,6.15,51.67
56,42.0,107379.0,97.0,11.0,3.0,24782.0,40.0,27.93,75.88
57,31.0,78385.0,38.0,28.0,2.0,7048.0,21.0,17.16,28.25
58,67.0,136131.0,13.0,6.0,8.0,38105.0,15.0,36.46,35.31
59,75.0,33289.0,31.0,7.0,5.0,8258.0,22.0,32.61,
60,26.0,120226.0,47.0,24.0,1.0,44168.0,,42.28,94.65
61,43.0,110793.0,,14.0,3.0,23677.0,28.0,34.62,89.26
62,,19823.0,88.0,24.0,10.0,,14.0,21.5,41.94
63,19.0,51975.0,52.0,11.0,8.0,,27.0,33.65,78.04
64,37.0,19540.0,56.0,30.0,4.0,6042.0,,13.77,47.63
65,45.0,26364.0,15.0,13.0,7.0,25976.0,40.0,15.32,49.75
66,64.0,145683.0,29.0,2.0,10.0,31284.0,58.0,39.45,20.47
67,24.0,37663.0,8.0,25.0,2.0,23240.0,28.0,22.32,59.11
68,61.0,61991.0,5.0,7.0,7.0,25317.0,26.0,39.92,18.61
69,25.0,114182.0,29.0,20.0,5.0,48096.0,49.0,41.12,33.16
70,64.0,104704.0,47.0,4.0,,16552.0,2.0,42.88,85.5
71,52.0,59115.0,68.0,27.0,6.0,35653.0,25.0,45.83,20.71
72,31.0,101007.0,76.0,8.0,9.0,47576.0,56.0,21.55,
73,34.0,21938.0,45.0,20.0,6.0,1171.0,3.0,15.94,6.9
74,53.0,101680.0,2.0,29.0,8.0,663.0,,29.11,
75,67.0,14000.0,27.0,22.0,,41924.0,44.0,18.56,50.69
76,57.0,111042.0,95.0,21.0,9.0,44502.0,33.0,30.05,40.94
77,21.0,299578.0,36.0,19.0,4.0,99756.0,42.0,35.28,
78,19.0,113691.0,36.0,13.0,2.0,11134.0,52.0,34.42,83.58
79,23.0,48304.0,26.0,14.0,,5298.0,35.0,18.73,33.22
80,71.0,79449.0,43.0,10.0,6.0,22920.0,6.0,8.34,69.36
81,59.0,92986.0,27.0,11.0,1.0,29800.0,39.0,21.53,77.11
82,21.0,118940.0,69.0,2.0,9.0,24845.0,52.0,7.13,
83,71.0,48494.0,20.0,25.0,9.0,11249.0,23.0,44.5,15.16
84,46.0,13373.0,,26.0,2.0,39095.0,25.0,17.29,87.59
85,35.0,107532.0,74.0,9.0,3.0,25621.0,59.0,7.72,53.91
86,43.0,102658.0,38.0,17.0,5.0,37987.0,50.0,1.27,28.25
87,61.0,133633.0,6.0,26.0,5.0,28911.0,43.0,32.29,42.52
88,51.0,110386.0,72.0,3.0,1.0,33861.0,19.0,31.85,3.76
89,27.0,37350.0,23.0,24.0,8.0,21723.0,5.0,17.03,12.79
90,53.0,,47.0,6.0,8.0,7894.0,51.0,3.59,76.55
91,31.0,104297.0,90.0,5.0,4.0,14556.0,11.0,20.48,0.0
92,48.0,35351.0,46.0,5.0,7.0,28880.0,56.0,15.56,
93,65.0,,12.0,22.0,10.0,26535.0,12.0,,52.25
94,,124585.0,90.0,15.0,,31120.0,10.0,30.29,5.46
95,25.0,85353.0,13.0,23.0,6.0,20377.0,8.0,18.23,97.31
96,31.0,75953.0,,17.0,10.0,,24.0,10.89,22.61
97,40.0,67458.0,82.0,9.0,10.0,31411.0,60.0,49.4,30.42
98,74.0,30358.0,89.0,3.0,9.0,33284.0,28.0,22.7,30.39
99,57.0,13267.0,97.0,20.0,1.0,3691.0,41.0,34.41,23.04
100,38.0,92745.0,60.0,26.0,5.0,33660.0,36.0,7.03,0.15
101,33.0,99588.0,43.0,17.0,4.0,,37.0,24.28,72.93
102,62.0,48513.0,76.0,29.0,8.0,39540.0,21.0,1.38,96.68
103,35.0,21338.0,100.0,27.0,1.0,4131.0,8.0,25.27,22.43
104,64.0,141484.0,68.0,10.0,9.0,,55.0,48.2,
105,70.0,17543.0,5.0,3.0,6.0,42580.0,9.0,19.21,74.19
106,41.0,115891.0,37.0,18.0,4.0,24061.0,47.0,1.95,84.84
107,43.0,,72.0,18.0,9.0,25317.0,15.0,1.55,42.26
108,42.0,54425.0,92.0,30.0,5.0,20781.0,48.0,19.4,30.29
109,62.0,48756.0,31.0,17.0,5.0,29171.0,46.0,8.0,32.53
110,58.0,28888.0,9.0,24.0,5.0,25864.0,40.0,1.17,71.26
111,46.0,57295.0,51.0,3.0,1.0,42174.0,18.0,37.81,81.68
112,,124352.0,29.0,3.0,1.0,27925.0,,22.93,18.16
113,62.0,93042.0,78.0,,8.0,29102.0,60.0,14.46,37.09
114,,95999.0,40.0,13.0,8.0,23753.0,20.0,45.0,90.19
115,42.0,27955.0,41.0,24.0,6.0,23972.0,6.0,5.81,80.67
116,24.0,47841.0,86.0,29.0,4.0,49730.0,,47.8,98.49
117,26.0,80640.0,11.0,15.0,2.0,8580.0,2.0,15.7,75.42
118,41.0,148429.0,23.0,,2.0,7599.0,7.0,44.42,39.32
119,18.0,71476.0,1.0,9.0,9.0,25931.0,16.0,30.15,59.06
120,61.0,54811.0,46.0,4.0,,31686.0,3.0,41.34,66.1
121,25.0,81180.0,21.0,14.0,4.0,48184.0,45.0,49.2,7.85
122,41.0,122856.0,90.0,5.0,10.0,30611.0,3.0,14.42,54.45
123,28.0,78450.0,36.0,2.0,1.0,40351.0,27.0,48.06,70.93
124,68.0,121888.0,54.0,11.0,7.0,23114.0,50.0,19.47,16.73
125,34.0,120448.0,87.0,9.0,3.0,27224.0,43.0,19.28,78.06
126,25.0,24397.0,57.0,24.0,6.0,42491.0,40.0,17.02,58.38
127,52.0,141800.0,1.0,3.0,5.0,5440.0,38.0,27.07,95.22
128,52.0,129180.0,63.0,,5.0,29258.0,33.0,,4.24
129,50.0,76234.0,54.0,28.0,5.0,36724.0,28.0,27.69,26.53
130,22.0,49954.0,55.0,29.0,1.0,8288.0,,27.09,60.16
131,59.0,89459.0,40.0,9.0,1.0,28582.0,55.0,,29.66
132,56.0,69163.0,15.0,3.0,3.0,24534.0,,41.68,71.44
133,75.0,61934.0,21.0,25.0,10.0,35979.0,37.0,22.02,75.9
134,58.0,64098.0,47.0,2.0,4.0,11780.0,32.0,15.12,10.25
135,45.0,15486.0,73.0,12.0,5.0,18552.0,60.0,12.97,51.39
136,24.0,149407.0,53.0,10.0,2.0,17031.0,48.0,9.73,50.89
137,26.0,96900.0,9.0,9.0,8.0,,43.0,2.88,36.93
138,25.0,136020.0,74.0,15.0,2.0,29403.0,37.0,17.12,93.29
139,29.0,,52.0,8.0,9.0,45357.0,4.0,13.51,82.75
140,51.0,97508.0,,25.0,2.0,10642.0,30.0,48.32,69.72
141,50.0,128324.0,26.0,5.0,9.0,48855.0,6.0,27.89,71.43
142,65.0,70566.0,41.0,11.0,7.0,10366.0,46.0,17.36,46.17
143,72.0,37192.0,35.0,27.0,8.0,5031.0,54.0,,
144,40.0,11062.0,63.0,2.0,2.0,45954.0,,6.96,69.46
145,,94076.0,25.0,24.0,7.0,38598.0,32.0,22.2,72.9
146,,99780.0,90.0,28.0,6.0,38778.0,9.0,31.31,86.17
147,52.0,31689.0,75.0,15.0,4.0,28638.0,12.0,24.44,27.41
148,61.0,21174.0,38.0,6.0,7.0,27565.0,11.0,,80.71
149,57.0,98461.0,2.0,8.0,4.0,30456.0,46.0,49.69,19.52
150,39.0,136174.0,7.0,27.0,2.0,42232.0,55.0,44.02,34.53
151,44.0,113033.0,82.0,5.0,10.0,39761.0,16.0,31.17,33.56
152,52.0,19348.0,91.0,16.0,7.0,11259.0,1.0,28.47,97.85
153,18.0,299578.0,34.0,26.0,8.0,99756.0,45.0,31.03,85.65
154,52.0,84460.0,91.0,18.0,2.0,47741.0,55.0,10.07,70.12
155,54.0,112634.0,17.0,6.0,5.0,43033.0,,19.76,72.71
156,64.0,99930.0,43.0,5.0,1.0,28770.0,21.0,1.97,
157,31.0,16801.0,59.0,28.0,7.0,13779.0,30.0,23.78,94.71
158,20.0,113150.0,51.0,16.0,8.0,39779.0,13.0,27.15,49.63
159,18.0,11542.0,54.0,13.0,6.0,44751.0,34.0,11.39,38.05
160,22.0,31677.0,24.0,28.0,5.0,24388.0,4.0,48.2,16.3
161,43.0,49081.0,25.0,5.0,6.0,18130.0,28.0,45.47,78.62
162,72.0,103105.0,71.0,13.0,2.0,35644.0,38.0,36.11,73.44
163,31.0,29065.0,52.0,17.0,1.0,31682.0,58.0,26.67,38.44
164,56.0,98092.0,70.0,18.0,7.0,26038.0,31.0,43.5,2.52
165,44.0,64693.0,88.0,8.0,7.0,12324.0,59.0,6.53,83.9
166,26.0,36962.0,,13.0,10.0,32625.0,55.0,,
167,,38295.0,49.0,30.0,10.0,7479.0,27.0,6.24,70.37
168,32.0,23807.0,29.0,29.0,2.0,26689.0,5.0,39.71,97.03
169,43.0,142396.0,63.0,19.0,2.0,43100.0,25.0,13.79,43.77
170,59.0,101267.0,22.0,26.0,1.0,13004.0,3.0,43.85,23.5
171,30.0,,26.0,3.0,10.0,21169.0,33.0,47.2,70.49
172,68.0,36790.0,28.0,24.0,8.0,7410.0,4.0,7.44,81.71
173,49.0,128874.0,85.0,8.0,8.0,47357.0,25.0,23.13,54.64
174,56.0,35289.0,49.0,2.0,1.0,35464.0,20.0,,96.7
175,66.0,25485.0,71.0,8.0,8.0,20631.0,34.0,24.17,5.17
176,69.0,,81.0,,9.0,,26.0,43.18,50.48
177,49.0,96188.0,84.0,13.0,4.0,6478.0,5.0,29.44,71.85
178,21.0,14748.0,,13.0,1.0,22491.0,35.0,18.77,86.26
179,47.0,13709.0,20.0,1.0,1.0,17653.0,28.0,14.29,17.93
180,54.0,133961.0,86.0,6.0,,34048.0,29.0,10.16,80.0
181,40.0,40355.0,92.0,24.0,5.0,43176.0,9.0,38.09,55.27
182,56.0,,63.0,19.0,5.0,,52.0,19.33,39.66
183,62.0,62224.0,61.0,16.0,,47954.0,38.0,25.56,13.17
184,32.0,,49.0,8.0,10.0,4483.0,50.0,24.62,86.53
185,60.0,90219.0,71.0,28.0,2.0,10003.0,6.0,28.86,15.73
186,46.0,71629.0,1.0,1.0,2.0,30421.0,19.0,43.28,30.98
187,53.0,76040.0,96.0,27.0,6.0,17405.0,60.0,49.04,
188,30.0,38016.0,13.0,27.0,9.0,,44.0,20.38,87.14
189,49.0,33960.0,94.0,16.0,1.0,24453.0,,41.38,67.27
190,24.0,43591.0,87.0,,9.0,27306.0,11.0,38.23,79.67
191,68.0,113333.0,51.0,13.0,,,2.0,28.68,25.05
192,39.0,124821.0,56.0,11.0,9.0,,,47.8,62.49
193,45.0,46395.0,83.0,13.0,5.0,5083.0,44.0,10.02,57.17
194,19.0,139695.0,62.0,25.0,9.0,39214.0,44.0,5.46,83.28
195,59.0,44620.0,32.0,21.0,4.0,49645.0,9.0,42.7,90.61
196,62.0,138148.0,30.0,10.0,2.0,40396.0,21.0,21.96,1.22
197,74.0,30559.0,29.0,4.0,6.0,12389.0,24.0,42.35,67.4
198,70.0,103396.0,49.0,27.0,4.0,27913.0,34.0,44.65,5.18
199,23.0,31732.0,45.0,6.0,6.0,12775.0,22.0,3.12,54.89
200,45.0,101362.0,93.0,28.0,3.0,2961.0,,44.17,28.76
201,45.0,23843.0,30.0,7.0,,14791.0,12.0,22.42,30.68
202,61.0,124065.0,16.0,5.0,2.0,47304.0,28.0,25.52,35.3
203,61.0,81726.0,40.0,11.0,2.0,11935.0,30.0,31.33,62.13
204,,27640.0,19.0,13.0,9.0,28435.0,26.0,46.32,33.4
205,47.0,62528.0,18.0,26.0,7.0,33953.0,48.0,0.96,73.27
206,28.0,48413.0,1.0,25.0,3.0,19044.0,21.0,23.84,40.45
207,75.0,62638.0,,19.0,,12758.0,28.0,34.39,
208,72.0,120133.0,47.0,23.0,8.0,31341.0,56.0,36.14,78.38
209,45.0,116357.0,,10.0,6.0,49258.0,26.0,34.63,28.58
210,,148186.0,92.0,10.0,7.0,49690.0,33.0,6.72,43.28
211,56.0,88859.0,94.0,11.0,9.0,11236.0,,14.97,68.54
212,50.0,109657.0,38.0,21.0,,38143.0,35.0,17.94,33.25
213,18.0,21023.0,51.0,30.0,1.0,44450.0,52.0,40.22,5.66
214,74.0,,63.0,7.0,10.0,35464.0,34.0,13.94,37.39
215,44.0,135899.0,4.0,18.0,7.0,28544.0,41.0,,94.44
216,74.0,33959.0,1.0,,5.0,40433.0,51.0,47.87,64.17
217,69.0,76203.0,8.0,2.0,3.0,16497.0,47.0,,67.15
218,30.0,,29.0,14.0,,14715.0,18.0,49.89,63.23
219,58.0,19337.0,55.0,13.0,1.0,33569.0,58.0,33.84,19.9
220,20.0,56427.0,3.0,29.0,1.0,24411.0,11.0,41.42,41.83
221,56.0,,32.0,12.0,1.0,17530.0,57.0,14.73,75.09
222,,112023.0,,,3.0,,23.0,0.72,10.14
223,25.0,94665.0,74.0,2.0,6.0,15071.0,48.0,36.89,27.79
224,44.0,115787.0,83.0,13.0,10.0,43219.0,22.0,,27.63
225,26.0,43307.0,34.0,14.0,3.0,29427.0,17.0,37.02,43.2
226,54.0,137016.0,97.0,27.0,8.0,,5.0,7.14,98.04
227,50.0,14835.0,87.0,17.0,10.0,44041.0,44.0,37.67,6.75
228,68.0,30159.0,55.0,9.0,2.0,23887.0,11.0,38.45,51.87
229,,131790.0,92.0,17.0,9.0,28944.0,30.0,32.93,17.94
230,61.0,,32.0,8.0,3.0,49408.0,15.0,38.31,97.07
231,41.0,88752.0,50.0,2.0,5.0,20421.0,27.0,42.3,11.33
232,32.0,65284.0,7.0,28.0,10.0,13557.0,,30.68,40.36
233,71.0,67043.0,93.0,24.0,8.0,45768.0,33.0,4.43,73.79
234,,107007.0,8.0,13.0,2.0,25358.0,20.0,24.38,70.46
235,49.0,92844.0,65.0,3.0,6.0,49189.0,16.0,3.88,42.27
236,41.0,37532.0,57.0,16.0,5.0,45138.0,34.0,20.38,34.65
237,58.0,132402.0,67.0,6.0,10.0,,2.0,20.36,39.76
238,69.0,128012.0,88.0,19.0,9.0,37350.0,35.0,3.3,26.43
239,66.0,146785.0,,30.0,5.0,46986.0,,17.44,20.53
240,66.0,66178.0,59.0,7.0,2.0,21067.0,56.0,5.55,48.3
241,75.0,59407.0,72.0,10.0,5.0,30239.0,28.0,40.41,26.85
242,69.0,60990.0,54.0,9.0,4.0,43785.0,47.0,47.38,28.75
243,29.0,139473.0,67.0,2.0,7.0,4254.0,39.0,3.62,65.68
244,56.0,68141.0,51.0,28.0,6.0,27544.0,6.0,47.76,96.85
245,19.0,66570.0,97.0,28.0,2.0,,9.0,26.13,60.36
246,20.0,11015.0,92.0,15.0,5.0,1876.0,20.0,14.98,7.7
247,66.0,71813.0,8.0,30.0,7.0,9206.0,60.0,3.84,
248,54.0,37712.0,34.0,5.0,7.0,9394.0,1.0,25.03,95.14
249,66.0,110497.0,,29.0,5.0,18537.0,8.0,39.73,29.73
250,73.0,149487.0,96.0,,9.0,18950.0,55.0,35.35,9.21
251,34.0,122816.0,88.0,,4.0,16906.0,23.0,2.51,59.9
252,66.0,138778.0,78.0,20.0,3.0,30225.0,3.0,3.65,62.36
253,19.0,72292.0,32.0,4.0,4.0,6426.0,4.0,20.14,64.85
254,19.0,33833.0,46.0,18.0,5.0,39519.0,58.0,14.76,26.74
255,45.0,145230.0,16.0,4.0,6.0,9996.0,25.0,11.62,1.51
256,,30309.0,68.0,27.0,3.0,36568.0,47.0,14.05,
257,40.0,16970.0,37.0,17.0,,30306.0,38.0,40.17,25.09
258,54.0,82474.0,54.0,12.0,4.0,23163.0,15.0,46.46,67.6
259,49.0,56540.0,85.0,22.0,5.0,41821.0,21.0,20.26,70.66
260,,28017.0,14.0,17.0,4.0,36995.0,35.0,45.31,61.0
261,18.0,85880.0,95.0,10.0,3.0,23156.0,57.0,16.07,31.29
262,36.0,115570.0,55.0,22.0,8.0,26360.0,53.0,23.82,27.11
263,19.0,18702.0,48.0,1.0,10.0,17332.0,53.0,11.3,59.77
264,,141456.0,82.0,22.0,4.0,39287.0,,32.02,86.61
265,61.0,10404.0,7.0,26.0,2.0,,52.0,48.95,94.67
266,43.0,22763.0,74.0,24.0,2.0,22227.0,14.0,,10.59
267,49.0,108142.0,7.0,27.0,1.0,43315.0,36.0,17.89,15.48
268,,,33.0,18.0,4.0,30045.0,12.0,32.39,94.47
269,49.0,60612.0,23.0,18.0,,45022.0,17.0,6.15,73.65
270,72.0,33574.0,85.0,14.0,9.0,3020.0,39.0,44.43,88.3
271,21.0,33524.0,19.0,15.0,,3581.0,9.0,25.15,20.26
272,72.0,20916.0,19.0,29.0,10.0,34696.0,35.0,22.47,58.76
273,28.0,14809.0,,12.0,7.0,37235.0,60.0,29.29,70.11
274,73.0,131288.0,29.0,4.0,7.0,39713.0,13.0,31.24,68.01
275,34.0,48765.0,60.0,27.0,8.0,15066.0,15.0,3.59,40.82
276,55.0,55106.0,,3.0,1.0,14542.0,18.0,34.13,1.54
277,41.0,63932.0,2.0,,10.0,25998.0,51.0,12.1,58.29
278,22.0,67091.0,1.0,29.0,10.0,11829.0,33.0,35.7,25.31
279,69.0,31949.0,47.0,12.0,8.0,32156.0,6.0,41.13,45.03
280,51.0,47744.0,69.0,7.0,4.0,2659.0,59.0,40.2,95.76
281,23.0,118319.0,20.0,29.0,4.0,38400.0,27.0,27.63,39.9
282,39.0,102193.0,11.0,11.0,4.0,19863.0,23.0,26.01,83.98
283,28.0,46187.0,2.0,1.0,6.0,48201.0,59.0,7.14,18.85
284,65.0,148311.0,67.0,6.0,7.0,43741.0,27.0,38.77,67.25
285,33.0,134454.0,87.0,15.0,6.0,19533.0,34.0,13.57,97.7
286,50.0,24489.0,12.0,15.0,1.0,11305.0,,24.83,10.19
287,26.0,71877.0,20.0,19.0,,36351.0,46.0,14.21,0.83
288,23.0,59922.0,5.0,11.0,10.0,27332.0,38.0,6.69,43.36
289,33.0,104074.0,37.0,26.0,7.0,14444.0,14.0,31.48,9.26
290,46.0,47131.0,38.0,23.0,6.0,20373.0,36.0,2.72,74.84
291,20.0,125765.0,94.0,,6.0,,53.0,37.43,91.45
292,37.0,299578.0,9.0,2.0,5.0,99756.0,8.0,15.88,43.4
293,,116884.0,98.0,14.0,6.0,15879.0,35.0,0.01,
294,36.0,135917.0,53.0,2.0,9.0,37251.0,19.0,25.56,43.44
295,43.0,34285.0,44.0,,10.0,35046.0,30.0,2.34,72.34
296,20.0,47626.0,99.0,4.0,9.0,24786.0,14.0,,0.91
297,36.0,29198.0,86.0,17.0,10.0,5610.0,59.0,35.35,58.95
298,37.0,25254.0,24.0,3.0,8.0,12587.0,20.0,3.13,61.33
299,49.0,54238.0,81.0,13.0,10.0,,49.0,41.97,63.77
300,24.0,11252.0,74.0,9.0,9.0,17581.0,25.0,0.19,24.2
301,69.0,49764.0,30.0,7.0,10.0,35447.0,40.0,12.34,71.41
302,58.0,,59.0,15.0,8.0,10096.0,24.0,37.05,9.14
303,50.0,63682.0,87.0,23.0,8.0,38519.0,14.0,15.81,19.93
304,57.0,69494.0,96.0,29.0,1.0,42503.0,26.0,5.09,87.75
305,56.0,91317.0,81.0,29.0,10.0,18813.0,38.0,18.01,73.87
306,35.0,75215.0,81.0,11.0,5.0,48139.0,23.0,13.52,1.37
307,57.0,88587.0,14.0,20.0,4.0,1513.0,22.0,42.14,24.84
308,18.0,16949.0,9.0,2.0,2.0,49878.0,48.0,15.67,21.44
309,28.0,65393.0,40.0,15.0,8.0,24205.0,,39.45,27.08
310,45.0,148013.0,66.0,14.0,3.0,2328.0,19.0,44.59,24.76
311,74.0,35934.0,25.0,20.0,4.0,8409.0,46.0,21.69,6.25
312,42.0,85745.0,73.0,22.0,7.0,38856.0,51.0,45.5,45.89
313,67.0,104456.0,22.0,,10.0,13609.0,3.0,,73.27
314,40.0,63413.0,4.0,27.0,9.0,2523.0,42.0,48.2,60.67
315,48.0,107239.0,26.0,3.0,,15037.0,19.0,4.46,67.29
316,47.0,52318.0,58.0,17.0,3.0,27161.0,9.0,,8.11
317,59.0,80390.0,29.0,30.0,4.0,39159.0,28.0,,95.15
318,52.0,53088.0,98.0,12.0,10.0,34348.0,20.0,19.38,83.85
319,24.0,113196.0,87.0,24.0,1.0,38304.0,45.0,31.64,80.51
320,33.0,65479.0,37.0,28.0,7.0,15879.0,7.0,35.19,82.3
321,43.0,29963.0,75.0,29.0,2.0,28266.0,14.0,0.22,93.27
322,65.0,65123.0,70.0,21.0,5.0,44090.0,9.0,8.35,54.43
323,74.0,135911.0,18.0,15.0,1.0,3063.0,59.0,35.65,20.03
324,69.0,112468.0,85.0,16.0,3.0,36560.0,60.0,33.32,61.68
325,66.0,83477.0,42.0,5.0,2.0,29697.0,55.0,48.3,74.29
326,19.0,24388.0,100.0,27.0,1.0,4086.0,57.0,38.05,73.79
327,18.0,15569.0,41.0,20.0,7.0,16587.0,60.0,47.54,52.14
328,65.0,79836.0,38.0,6.0,5.0,49368.0,19.0,35.13,6.85
329,29.0,114573.0,34.0,19.0,1.0,23725.0,47.0,14.9,37.11
330,22.0,55002.0,17.0,25.0,6.0,30250.0,52.0,5.27,92.08
331,54.0,,37.0,5.0,5.0,7143.0,14.0,39.09,58.44
332,49.0,147162.0,25.0,3.0,3.0,28023.0,56.0,32.21,53.83
333,72.0,34071.0,76.0,27.0,7.0,,38.0,2.41,26.89
334,26.0,68243.0,87.0,1.0,10.0,11505.0,53.0,18.0,36.84
335,58.0,135827.0,86.0,26.0,9.0,44043.0,36.0,47.84,89.53
336,52.0,118215.0,85.0,28.0,9.0,661.0,40.0,25.02,66.65
337,36.0,111570.0,27.0,6.0,9.0,16529.0,17.0,,78.74
338,65.0,79724.0,57.0,15.0,2.0,14726.0,30.0,22.88,45.43
339,,125359.0,31.0,2.0,3.0,29231.0,9.0,10.44,63.02
340,20.0,85697.0,6.0,29.0,7.0,44422.0,33.0,18.44,24.84
341,37.0,38732.0,,3.0,5.0,45348.0,56.0,18.49,70.55
342,41.0,131465.0,40.0,17.0,2.0,3890.0,52.0,2.62,42.76
343,71.0,67108.0,98.0,25.0,3.0,6497.0,25.0,,
344,73.0,121195.0,12.0,24.0,10.0,13193.0,14.0,20.83,64.93
345,50.0,113081.0,53.0,12.0,6.0,42592.0,11.0,41.11,
346,41.0,46668.0,71.0,18.0,7.0,1041.0,,42.52,6.4
347,69.0,33061.0,10.0,15.0,9.0,22317.0,35.0,10.6,82.47
348,28.0,89252.0,45.0,12.0,1.0,38361.0,41.0,32.87,29.24
349,66.0,49749.0,17.0,16.0,7.0,13928.0,59.0,23.61,44.39
350,25.0,140560.0,26.0,27.0,8.0,44434.0,14.0,44.01,2.19
351,,114680.0,85.0,8.0,3.0,49331.0,30.0,10.79,30.1
352,55.0,61745.0,92.0,28.0,4.0,10758.0,41.0,33.89,50.26
353,57.0,118464.0,62.0,14.0,10.0,16544.0,4.0,30.39,5.62
354,37.0,101865.0,46.0,25.0,6.0,29911.0,59.0,14.77,49.11
355,52.0,122428.0,64.0,17.0,10.0,5969.0,,6.83,92.71
356,65.0,33624.0,2.0,29.0,7.0,29354.0,28.0,32.58,10.54
357,42.0,33321.0,54.0,,4.0,6756.0,8.0,36.93,76.44
358,52.0,32574.0,65.0,8.0,8.0,11220.0,2.0,15.78,40.97
359,42.0,146312.0,51.0,15.0,5.0,34437.0,41.0,32.24,65.52
360,46.0,128831.0,53.0,27.0,1.0,34098.0,46.0,19.76,26.02
361,35.0,299578.0,36.0,14.0,4.0,99756.0,22.0,35.66,15.95
362,63.0,299578.0,26.0,18.0,3.0,99756.0,41.0,9.96,16.05
363,35.0,74291.0,29.0,20.0,9.0,25551.0,56.0,44.51,7.05
364,19.0,,21.0,7.0,8.0,27886.0,55.0,,18.56
365,71.0,60428.0,,3.0,1.0,10018.0,16.0,18.39,66.42
366,52.0,141374.0,40.0,29.0,6.0,46526.0,29.0,,88.17
367,,141127.0,11.0,12.0,9.0,16684.0,49.0,5.58,81.41
368,58.0,121317.0,36.0,21.0,7.0,34287.0,,25.79,68.51
369,53.0,149789.0,59.0,24.0,4.0,22121.0,30.0,13.38,11.04
370,50.0,137449.0,39.0,28.0,1.0,10528.0,12.0,41.77,28.92
371,21.0,38699.0,99.0,26.0,2.0,12948.0,35.0,,30.98
372,50.0,83686.0,54.0,3.0,5.0,45753.0,11.0,18.95,25.0
373,31.0,77661.0,98.0,20.0,5.0,34551.0,46.0,16.87,51.5
374,38.0,54247.0,55.0,14.0,8.0,30947.0,50.0,0.97,53.56
375,65.0,115113.0,24.0,15.0,6.0,,21.0,,35.69
376,37.0,14621.0,22.0,25.0,8.0,35001.0,,20.68,35.38
377,73.0,146198.0,69.0,30.0,2.0,30754.0,5.0,24.64,82.86
378,25.0,146194.0,56.0,,3.0,19009.0,48.0,20.21,78.93
379,24.0,299578.0,33.0,7.0,6.0,99756.0,20.0,26.55,30.78
380,20.0,92838.0,36.0,17.0,10.0,14972.0,,29.76,91.38
381,34.0,94717.0,20.0,30.0,3.0,46157.0,3.0,0.5,95.28
382,50.0,48638.0,83.0,12.0,6.0,3971.0,44.0,23.2,32.67
383,65.0,77067.0,99.0,20.0,6.0,,33.0,,35.44
384,29.0,128033.0,81.0,4.0,2.0,,53.0,25.95,50.56
385,68.0,115977.0,62.0,9.0,7.0,8829.0,9.0,33.88,94.11
386,39.0,98869.0,98.0,6.0,2.0,35365.0,9.0,15.59,87.63
387,72.0,115186.0,73.0,16.0,6.0,47350.0,4.0,38.7,10.26
388,39.0,,26.0,25.0,1.0,,35.0,38.65,39.27
389,63.0,56271.0,66.0,28.0,3.0,28772.0,17.0,26.06,55.34
390,47.0,83688.0,,22.0,2.0,43345.0,34.0,48.8,50.31
391,55.0,121076.0,73.0,22.0,7.0,,24.0,6.28,19.39
392,55.0,11062.0,40.0,21.0,4.0,32873.0,32.0,0.85,85.88
393,62.0,,17.0,21.0,8.0,36025.0,1.0,38.51,67.69
394,68.0,105462.0,,2.0,6.0,25070.0,8.0,40.36,83.79
395,71.0,147301.0,89.0,24.0,10.0,18784.0,45.0,,85.88
396,25.0,57915.0,61.0,8.0,4.0,19494.0,23.0,13.28,74.84
397,,14632.0,43.0,11.0,5.0,23784.0,47.0,0.88,
398,44.0,114592.0,42.0,13.0,9.0,18333.0,40.0,14.67,61.05
399,,144668.0,25.0,17.0,7.0,25622.0,12.0,38.66,16.04
400,38.0,119779.0,39.0,8.0,10.0,5517.0,,25.9,67.36
401,47.0,147240.0,35.0,21.0,9.0,16870.0,,17.4,17.93
402,50.0,,3.0,18.0,7.0,29752.0,46.0,18.59,69.39
403,45.0,17561.0,44.0,30.0,1.0,8499.0,47.0,0.07,22.96
404,64.0,,51.0,18.0,8.0,22936.0,15.0,14.99,11.76
405,50.0,135036.0,94.0,14.0,4.0,43463.0,41.0,32.32,16.53
406,22.0,134049.0,98.0,15.0,3.0,2596.0,19.0,48.71,0.2
407,65.0,36734.0,12.0,6.0,7.0,48701.0,26.0,,71.87
408,36.0,147443.0,19.0,11.0,3.0,25779.0,52.0,,73.24
409,21.0,36069.0,44.0,13.0,8.0,43863.0,29.0,44.93,51.49
410,52.0,22910.0,59.0,25.0,6.0,49209.0,22.0,39.16,16.14
411,66.0,83479.0,49.0,1.0,5.0,26701.0,40.0,39.02,8.36
412,34.0,91264.0,,28.0,4.0,20215.0,21.0,22.9,1.91
413,,299578.0,17.0,6.0,8.0,99756.0,51.0,19.9,16.57
414,,82274.0,74.0,9.0,8.0,15578.0,38.0,15.15,89.09
415,47.0,110776.0,57.0,8.0,1.0,5605.0,20.0,3.28,24.15
416,46.0,58447.0,55.0,11.0,9.0,29812.0,,11.41,35.43
417,63.0,136394.0,47.0,22.0,5.0,3339.0,29.0,12.33,10.53
418,70.0,85703.0,12.0,19.0,4.0,3884.0,51.0,24.2,22.24
419,23.0,86090.0,,24.0,6.0,44119.0,4.0,37.37,51.92
420,52.0,27260.0,80.0,,6.0,43321.0,55.0,,60.78
421,58.0,122581.0,88.0,17.0,2.0,13993.0,7.0,2.89,24.54
422,54.0,13812.0,83.0,12.0,8.0,17569.0,28.0,47.89,5.77
423,41.0,126148.0,8.0,25.0,7.0,47407.0,28.0,47.14,39.1
424,46.0,126421.0,95.0,14.0,1.0,8031.0,4.0,39.26,23.42
425,66.0,11605.0,21.0,15.0,5.0,37551.0,22.0,49.57,21.96
426,63.0,82303.0,81.0,16.0,6.0,8236.0,12.0,27.22,95.99
427,70.0,86125.0,87.0,22.0,4.0,8210.0,45.0,48.14,61.63
428,48.0,134040.0,80.0,22.0,,2119.0,3.0,3.78,55.69
429,52.0,14324.0,70.0,28.0,4.0,14475.0,22.0,18.28,41.58
430,50.0,86323.0,72.0,20.0,1.0,46103.0,44.0,11.27,42.89
431,,19111.0,25.0,1.0,7.0,23752.0,2.0,9.79,54.09
432,38.0,26389.0,82.0,10.0,,15761.0,24.0,7.04,69.64
433,49.0,132177.0,89.0,,2.0,1931.0,34.0,31.12,70.21
434,40.0,51427.0,12.0,18.0,9.0,9567.0,,39.07,17.17
435,50.0,132883.0,15.0,28.0,5.0,37981.0,55.0,28.91,50.01
436,20.0,141189.0,59.0,1.0,2.0,27537.0,41.0,7.35,41.2
437,35.0,135808.0,26.0,,9.0,10057.0,1.0,40.56,87.05
438,42.0,122221.0,26.0,,9.0,9935.0,8.0,31.8,63.14
439,59.0,23234.0,47.0,1.0,,38266.0,23.0,19.41,53.25
440,48.0,63441.0,32.0,9.0,3.0,662.0,38.0,33.71,11.54
441,71.0,10846.0,10.0,13.0,4.0,35242.0,6.0,13.0,60.56
442,75.0,20954.0,16.0,30.0,7.0,20175.0,22.0,17.26,11.72
443,20.0,89239.0,71.0,1.0,10.0,8961.0,25.0,45.87,33.72
444,57.0,56514.0,17.0,13.0,4.0,17515.0,18.0,14.53,14.28
445,63.0,98236.0,23.0,20.0,2.0,33091.0,17.0,23.5,69.21
446,41.0,107579.0,26.0,26.0,7.0,28547.0,12.0,44.51,20.63
447,67.0,147541.0,85.0,22.0,6.0,,6.0,35.39,39.19
448,49.0,52101.0,86.0,7.0,3.0,,26.0,3.11,89.57
449,64.0,74323.0,7.0,2.0,6.0,8396.0,27.0,7.37,20.43
450,39.0,101922.0,14.0,6.0,6.0,33472.0,8.0,0.39,50.78
451,40.0,137534.0,79.0,7.0,5.0,42300.0,19.0,31.55,41.93
452,19.0,77584.0,7.0,26.0,4.0,31008.0,60.0,22.38,1.81
453,44.0,114537.0,9.0,14.0,10.0,5847.0,42.0,6.71,79.28
454,59.0,88477.0,48.0,26.0,1.0,30814.0,1.0,47.9,6.9
455,19.0,52533.0,72.0,18.0,10.0,3143.0,57.0,26.48,47.43
456,43.0,11828.0,59.0,15.0,6.0,41285.0,29.0,12.09,56.07
457,34.0,11917.0,87.0,2.0,2.0,19181.0,45.0,25.03,62.84
458,57.0,30618.0,93.0,10.0,3.0,,49.0,33.98,68.86
459,50.0,42254.0,82.0,23.0,,16392.0,35.0,3.81,25.33
460,26.0,115292.0,95.0,12.0,10.0,,40.0,13.74,1.0
461,60.0,57362.0,94.0,17.0,6.0,17573.0,14.0,40.35,72.34
462,71.0,30128.0,39.0,8.0,3.0,37268.0,35.0,22.98,53.57
463,65.0,133781.0,99.0,11.0,7.0,31182.0,48.0,27.33,83.61
464,56.0,75545.0,18.0,29.0,4.0,32762.0,45.0,,82.14
465,46.0,92180.0,59.0,3.0,9.0,31858.0,20.0,2.19,84.33
466,59.0,97958.0,17.0,27.0,5.0,14789.0,56.0,8.29,48.51
467,72.0,143291.0,14.0,,3.0,8427.0,49.0,22.28,33.36
468,43.0,49809.0,31.0,9.0,2.0,48830.0,13.0,10.46,79.16
469,52.0,126748.0,24.0,6.0,2.0,1671.0,38.0,2.5,45.13
470,67.0,15287.0,99.0,9.0,3.0,12418.0,49.0,42.18,18.34
471,42.0,18512.0,60.0,,2.0,,46.0,49.06,85.5
472,41.0,142414.0,45.0,,4.0,39610.0,49.0,39.66,88.26
473,30.0,118872.0,98.0,18.0,2.0,12429.0,8.0,42.69,46.63
474,,103070.0,3.0,12.0,10.0,3039.0,43.0,12.1,7.57
475,24.0,89767.0,37.0,8.0,9.0,37227.0,20.0,48.03,38.78
476,74.0,107829.0,43.0,8.0,2.0,46451.0,60.0,9.85,80.35
477,53.0,52078.0,40.0,18.0,9.0,23169.0,33.0,47.57,90.18
478,62.0,116288.0,90.0,28.0,,5932.0,26.0,49.74,20.35
479,37.0,93524.0,,30.0,1.0,21144.0,39.0,35.59,6.7
480,18.0,22219.0,87.0,,4.0,19245.0,,49.06,87.74
481,,10235.0,39.0,30.0,1.0,28728.0,53.0,28.48,38.94
482,63.0,52929.0,15.0,15.0,6.0,35021.0,49.0,12.98,54.18
483,33.0,137309.0,4.0,27.0,4.0,32203.0,42.0,21.85,96.81
484,31.0,77444.0,93.0,7.0,3.0,27428.0,43.0,29.68,6.66
485,29.0,149639.0,,11.0,3.0,18822.0,54.0,3.65,64.83
486,68.0,111834.0,25.0,20.0,9.0,22860.0,41.0,31.12,7.41
487,40.0,94555.0,13.0,16.0,6.0,,9.0,49.06,37.55
488,32.0,83698.0,82.0,4.0,9.0,43391.0,24.0,9.51,80.38
489,45.0,134450.0,33.0,6.0,5.0,,37.0,39.63,43.35
490,51.0,146487.0,16.0,26.0,,7088.0,49.0,45.39,99.72
491,19.0,53925.0,42.0,22.0,8.0,25500.0,41.0,47.19,55.91
492,49.0,147023.0,66.0,26.0,5.0,6804.0,17.0,48.01,32.12
493,40.0,97388.0,55.0,3.0,2.0,7845.0,24.0,26.07,22.01
494,39.0,,99.0,9.0,4.0,29800.0,21.0,48.87,35.05
495,68.0,68596.0,42.0,28.0,9.0,24759.0,51.0,37.87,37.25
496,42.0,131101.0,34.0,10.0,4.0,25970.0,59.0,8.08,6.87
497,75.0,98861.0,30.0,14.0,,23517.0,39.0,23.85,36.96
498,39.0,96740.0,13.0,11.0,2.0,15852.0,,35.92,46.42
499,75.0,25524.0,13.0,18.0,6.0,,41.0,12.37,72.27
500,,141149.0,18.0,22.0,2.0,19946.0,39.0,32.03,65.67
